,Topic 1,Topic 2,Topic 3,Topic 4,Topic 5,Topic 6,Topic 7,Topic 8,Topic 9,Topic 10,Topic 11,Topic 12,Topic 13,Topic 14,Topic 15,Topic 16,Topic 17,Topic 18,Topic 19,Topic 20,job
0,0.3340805839455823,0.2561647483075817,0.12828867821279744,-0.020156233756495178,0.05113482152780219,-0.0010947085523175773,-0.011328516131166155,0.0042102708304141345,0.05403265162096226,0.12017742358200677,-0.005529663940477755,0.030127777079307576,-0.11733048292385255,-0.00605353198206301,0.020683088838580853,0.04787763862951694,-0.006305397727141757,0.002394199975390383,-0.009785403079808238,0.014573751018418605,"ux,designer"
1,0.2561321744900359,0.2406887287247345,0.1557457774158952,-0.023822699165712544,0.022769227616279145,-0.022445939800361935,0.0794184201107311,-0.06656846697273662,-0.00018195071311348672,0.03257722693996557,0.005448282527763772,-0.008952236546306959,0.009656478710364017,-0.05537018584787784,0.01559579946725049,-0.037013058382170026,0.02329359708111547,0.0429911028439762,0.02121957136856724,0.03117604963493974,"ux,designer"
2,0.40597163390323543,0.1896054064828742,0.25383330052369774,0.018843186483913085,-0.09584108153601936,0.016952634018436854,-0.17194892368836207,-0.08515004368396087,-0.07427248380086143,0.056525964254346195,-0.03420091923753846,0.01350446083071624,-0.07066911246807515,0.0023902983692175566,0.03874742005113529,0.05627421111314651,-0.028698146219193248,-0.03539000783018713,-0.035932509292687737,0.0082638524429359,"ux,designer"
3,0.33165997660407925,0.37720410605255994,0.39663577537216155,0.07556703404153796,0.05211540395706405,0.027907903540398085,-0.11624522225529056,0.05878248916118785,-0.03811416413455187,-0.05362042531339627,0.07692427292142034,0.024760427261646838,-0.05334950464168655,0.036674646886474226,-0.014677978063600808,-0.04300362901749037,-0.00603858669343074,-0.08254426843063092,0.007250304768896536,0.02863490686267647,"ux,designer"
4,0.3209819709542206,0.270381322777027,0.3146207022738668,-0.043632609361545005,0.027805759741085647,-0.049010958528412724,0.07410162672945216,-0.09805139977944405,0.04391599817705792,0.12592125005825705,0.18636568766239395,-0.10159307608882792,0.024024807746465825,-0.08727848337710535,-0.21020720858100514,-0.33403451864426564,-0.07321863316530859,0.4614937030175883,-0.04921493162848807,-0.07589384617764337,"ux,designer"
5,0.35328868190551144,0.40211664019786547,0.3756037661131868,0.034304114393497606,-0.019783106523380743,0.022018682909569622,-0.029199804552618065,0.05858408956735071,-0.046476003725416805,-0.0879971713126691,0.005168064693644628,-0.012421441328419288,0.1382765351584893,0.015910907221012186,-0.002743836746250559,-0.01104837419984235,-0.04241676415320585,-0.010775971635421143,0.029232140094361682,0.020186771811872645,"ux,designer"
6,0.28532001419846825,0.33375484263871946,0.3524829492231249,0.04706298906740902,-0.0756586337879695,0.02673378771843663,-0.05189478742264602,-0.0068862636085049445,-0.11661302753519606,-0.09155360296690186,-0.023653889608492875,-0.034403792359115,0.12096800192785348,0.009532089779379655,-0.01683243392433419,0.016569545659962093,-0.042672520581521226,-0.04396879466468693,0.006090483833065454,0.011025052337818766,"ux,designer"
7,0.3571891614691964,0.2721168658168234,0.25199220145391865,0.027984147173824178,0.028500468054730478,-0.012379397175127099,-0.024052438756502304,-0.014327776038756249,-0.019181117915407907,0.07657190893308759,-0.007361725633101325,0.05421608617064832,-0.04464822970465726,-0.003433909062655417,-0.0024014342756825627,0.0053011589951045485,0.06204547534206867,-0.031060787881780898,-0.0703144131850987,0.013602775297128592,"ux,designer"
8,0.2348356204771007,0.29275824173915294,0.28889511995203526,0.030097864569187244,0.019673018055721254,-0.002468161582361232,-0.01345504173185851,0.0006197901972270865,-0.039154897805936534,-0.0006161074643768764,-0.035701173240995025,0.003928330282798702,-0.02400971806757779,-0.021125823360161115,0.015537935496117702,0.013965802981915122,0.06362979621769985,-0.035241488346209514,0.05636376443764198,-0.010046108485363442,"ux,designer"
9,0.27511428245544545,0.17981783419167055,0.10007832520332846,-0.030707383176468848,-0.01769754955653075,0.0067029853217819135,0.014045091191784879,-0.09541561136637976,-0.08256975366374136,0.09136042772237987,-0.11085132812867751,0.08229792745899792,-0.055027576526955675,0.0022474636591395493,0.04727716448752871,0.09661363444030294,0.1323565141197885,-0.08848405011305546,-0.0777580033564218,0.041319091783602845,"ux,designer"
10,0.1155690402159921,0.09619815179836945,0.0612704501268882,-0.008780882487549631,0.004202593108625335,-0.023208794097432813,0.07454755443906856,-0.08087810853512739,-0.07580284947330655,0.022639354861526764,0.03269125984312706,-0.007872695919705016,0.02394470908661523,-0.07263640526595558,0.020161674717672745,-0.022582720280318668,0.03352290040827709,0.04650662092472904,0.04954965471352443,0.002876231609311214,"ux,designer"
11,0.3574193225654448,0.3076692429484171,0.20404457182970237,0.006336785270467661,0.028099787066949076,-0.010082383177278987,0.03228593692629719,-0.031018829716766973,-0.0353919585601337,-0.14512881401194078,0.07973071212368064,-0.0640562601317655,0.10878639030087978,0.08228765960572718,0.11703313020118132,0.25343880862514806,-0.13166415509633753,0.04157896763064137,0.2598112415375389,-0.15376917004125382,"ux,designer"
12,0.3149459765952278,0.308191812831673,0.3441550307652652,0.0430978850502556,-0.019155253594844858,0.011790442107249048,-0.05072404510526269,0.05602563644394095,0.0051447342518426645,-0.01719695475456224,-0.037748122621523786,0.08172826698774427,-0.059147240767375986,0.02660046795273039,-0.05967890407079404,-0.03169775125861651,-0.002761850159322234,0.006175640002374326,-0.030613486217466433,0.0022245122434174608,"ux,designer"
13,0.3222206289221462,0.3794996028405846,0.3255915442640178,0.02091201300621621,-0.0013971913980133648,0.04815928138860346,-0.06009956426603513,0.02337104986916721,-0.05135399669573861,-0.020717082714223643,-0.004901703165355719,0.0022405093693664384,-0.05182013100441725,-0.03570502608656173,0.008939926779866422,-0.0012319310648354577,-0.01611287080521399,-0.0669507470093561,-0.03793000189826816,0.0341487530156374,"ux,designer"
14,0.35353597938765324,0.24732507760872233,0.1892879043304069,0.023744995293082192,-0.0022353677386758777,-0.021651553769343777,0.039094676710923544,-0.047849504683852365,-0.03772081396658013,-0.15904708511324325,0.0812025452685075,-0.06295909979443068,0.12202775668231958,0.11523054059667728,0.10151829357324006,0.2405786144649938,-0.15215495616875074,0.06938966655790596,0.2742609765947616,-0.15327059272405547,"ux,designer"
15,0.40019246543581344,0.44335975101891734,0.4241133380551772,0.0793334718827903,-0.04050346547265103,0.03061923301749088,-0.0642971659947116,0.09164059721130946,-0.04044048056347894,-0.06442741679893388,0.03175503418358824,0.015907359785068177,0.025819925304859954,0.027760827347293314,-0.024459364634245015,-0.04087637570869901,-0.07057820593491418,-0.059577539925751634,0.0007591300141651607,0.06934954588954133,"ux,designer"
16,0.32891777757771845,0.42767797298293647,0.3937177308937492,0.052143973006021804,-0.06372009756161714,-0.01681667024111995,-0.10961855740222723,0.10254324752176719,-0.040073262514761274,-0.027415329104412318,-0.019264598163873065,0.04622140839638624,-0.04699305912336639,0.006261434292541456,-0.05930954795799891,0.009246989636716371,0.030583556163859285,-0.06767000227369364,-0.060974596747097806,-0.01857813150954407,"ux,designer"
17,0.3531779303111755,0.4019747534046141,0.3514914638887139,0.023910454976118874,-0.03369534463158094,0.005724389065236112,0.018942053960675383,0.004773156946542222,0.012539705442867328,-0.09931480871094785,-0.0245737919344453,-0.007985364072738133,0.13594404888908518,0.025317581310118274,0.04704543370703353,0.015522265169412632,-0.039872196976262334,-0.008031608003005288,0.02332048891548235,-0.0057434481492194996,"ux,designer"
18,0.37773547849081446,0.3985771464466607,0.30121413808892594,0.03956413756105053,-0.04126764746918777,-0.045312114891219564,-0.05735133365095278,0.06928732662033546,-0.05020551688048351,-0.1093731538011963,0.0406007901685405,-0.0426932773475632,0.029993062129923035,-0.05162735551698894,0.04527428201144867,0.005251677465951572,0.008593486896713801,-0.079707328710183,-0.01431629664581889,0.019318907028923946,"ux,designer"
19,0.2768349814540761,0.2707386567526649,0.28181513189599733,0.02346670660421398,-0.0038687494605759314,0.016818568021781475,-0.06823762511371516,0.040441263677081854,-0.04477738400653958,0.05158167074930258,0.04991235858344606,0.0189272154702942,-0.05292184888869395,0.01594767785195645,0.00725943682227313,0.030915347774527268,0.026415117135628562,-0.04883485387278806,-0.008258458542019807,-0.016460475375698273,"ux,designer"
20,0.25440010799878354,0.13961562750681486,0.24101147622562283,0.021633967263952246,-0.037743274060645114,-0.013350361396385835,-0.06996271396217753,-0.04045128574570202,-0.06959297742989007,0.03909639460877212,0.042282716798576425,0.07743935056150943,-0.042543621085172685,0.03620854507045559,0.0625388485197909,-0.006271981954644388,0.062287113624151,-0.03761203972470213,0.019812429274212794,-0.02849775199785052,"ux,designer"
21,0.32440271477224014,0.29679934744037145,0.34408972580713754,-0.014930818998874863,0.015589079681270266,-0.002741053410920644,-0.018586952931741455,-0.0343504213358989,-0.034118689880778034,0.03489483041437294,-0.055144088340178664,0.06449297021140638,-0.07274894990712806,0.0837818073753323,-0.030304148281685667,0.000993312303310499,0.04733144796664938,-0.11402284545238288,-0.05926519273204435,-0.0025653461160794555,"ux,designer"
22,0.32582892819831194,0.33489823875744346,0.26469641235626795,0.0030761505451948707,0.006877722817643251,0.008095116703582199,-0.07382687277042554,0.022255903160040256,-0.057380313940299944,-0.010311531058523294,0.014555762109979628,0.026988263246958796,-0.04250031218115286,0.01901239384278507,-0.052629606475225035,0.007441220016465792,0.07172997166144332,-0.10205104152441899,0.00821463243511704,-0.020385182111888854,"ux,designer"
23,0.3211495167838062,0.2549073174909462,0.27760847397216576,-0.03806463070413771,0.04071306091204907,-0.04068027310808842,0.08884244247810122,-0.11079125240468428,0.0544501330958875,0.13573078983895345,0.17282863663966988,-0.1142359624127168,0.011612431106596327,-0.09679161741092113,-0.21989384489802385,-0.337285096804271,-0.0664090494092133,0.47241444347737216,-0.05386153656818171,-0.06999155125963419,"ux,designer"
24,0.37338524682463115,0.3116494451559433,0.29696962141279665,0.13026677435995687,0.02297440824168123,-0.01862277451505497,-0.07607112890047078,0.1409636831446739,-0.06784093955149943,-0.011654931677827425,-0.03305985367190405,-0.03805279582425824,0.05062614881525836,-0.059003198988269216,-0.030594688406606334,-0.01582052417876232,0.0013174112987716447,-0.1027585537276822,0.021026012844727344,0.02302380811118681,"ux,designer"
25,0.39241149384816637,0.40757574280606557,0.40934520572405547,0.03222274368211603,-5.2233784781100456e-05,0.0365469146255659,-0.04762526152475733,0.05376016244842524,-0.012254880062865903,-0.02715441835444132,0.018579848416781657,0.017719913949979234,-0.05410921690281473,0.02456871214736785,-0.03041623854892277,0.006509301929101131,-0.018539916245071637,-0.053339591112477276,0.021692230988997398,0.011732577026013455,"ux,designer"
26,0.33155140686076784,0.06963893569377869,-0.17203430933220026,0.017419497794055733,-0.16506494846595693,-0.12566987117801315,-0.1434005617502978,0.0042171522316641705,-0.034391586887752436,0.011153337702255114,0.051983855436799335,-0.0563543744661158,0.033182654781715185,-0.04952356784107416,0.05588563221665347,-0.0599558926264643,0.0470797186465568,-0.07103328660030765,0.0492198489452472,-0.09089079825603519,"data,scientist"
27,0.32014473826248063,0.18901281402441966,-0.13217730279831683,-0.065674494420767,-0.09607492009760571,-0.08045866564585609,0.07221250581690425,-0.047832309729446784,0.058452873590592216,0.019820490761951654,0.0339210408203984,-0.05266309906832975,0.08699654052710594,-0.03128163846805902,0.09761539011677214,-0.02508074382339156,0.08276910590710586,-0.08768562203220842,0.04546062092432166,-0.02906434106244973,"data,scientist"
28,0.3824760488279579,0.1750095823300404,-0.2708073690728856,-0.10344854412018088,-0.14163863945373306,-0.20816604411090403,0.006694868271018586,-0.13032691403824842,-0.06527512943843053,0.2443675061844484,0.17178248498064771,-0.11175308710748257,-0.21092444224096965,-0.1083836343519583,-0.23627674946441962,-0.10774878461873964,-0.379569789430256,-0.25179286013274843,0.009699083210099041,-0.18024439847671186,"data,scientist"
29,0.2682551100867701,0.17329625116423297,-0.1911792742487341,-0.06393097184769075,-0.1700382841958069,-0.12110558141616459,0.07668571247477052,-0.02367325249567139,0.13869671657668617,0.0013069225294521265,0.060419456090623706,0.41649341320545885,0.13671319736358878,0.3350211770206429,0.34175965846382717,-0.34306805271866814,-0.21616709047939758,-0.10482080502646,0.08487549377870014,-0.01385100526173063,"data,scientist"
30,0.2909953871943598,0.17823482978937263,-0.2185714817702878,-0.07299190904297156,-0.19605975630011344,-0.12627394742469708,0.05266996219109019,-0.0092383332547491,0.13844710570249424,0.001984526906549506,0.06512658963650127,0.42854662437538865,0.15109308403548613,0.31904863367868663,0.3117574061099366,-0.3405896516122455,-0.21093036009581842,-0.11325380322356045,0.07532473229827365,-0.01562587902063631,"data,scientist"
31,0.3824760488279579,0.1750095823300404,-0.2708073690728856,-0.10344854412018088,-0.14163863945373306,-0.20816604411090403,0.006694868271018586,-0.13032691403824842,-0.06527512943843053,0.2443675061844484,0.17178248498064771,-0.11175308710748257,-0.21092444224096965,-0.1083836343519583,-0.23627674946441962,-0.10774878461873964,-0.379569789430256,-0.25179286013274843,0.009699083210099041,-0.18024439847671186,"data,scientist"
32,0.35113495901235775,0.17607097078840858,-0.23412596622278875,-0.05961642215604253,-0.14781500084698862,-0.09557004692909325,0.02059945297909683,-0.034100367461605795,-0.09630488243136437,0.004215927821705539,-0.01590705894595693,0.23563740689499776,-0.19529109744262424,0.07496218776639937,-0.3290682228488439,0.36918485418997876,-0.05885714361935796,0.10716009621089624,0.2505589278922645,0.10446224742826224,"data,scientist"
33,0.26067196924762304,0.1855129024386363,-0.13420504955207693,-0.07960869975180956,-0.09489583864611345,-0.09700678878950951,-0.0027039637163854932,0.009512529534261802,0.014375267769640593,0.04234306267154109,0.10415015079469686,0.09727334337296407,-0.09657859455032265,0.083895312303556,0.06636373335149705,-0.05779119720455606,0.03869997706204472,0.062126762378397093,-0.03395045447627809,-0.001222108091890467,"data,scientist"
34,0.3914009069847088,0.18609886652170154,-0.24641676948598473,-0.10519625803703614,-0.13082105901344365,-0.011614115044443622,-0.013942154938134808,-0.019831172263809243,-0.11431529343580227,-0.029495790066858228,-0.04684267723054635,0.25321980519815995,-0.15804659037837498,0.0948026138239817,-0.3153693831839459,0.3465810721748586,0.019925494599184662,0.1037172191579457,0.2181545088242566,0.09692287229432486,"data,scientist"
35,0.37584631126149265,0.219725499303636,-0.3075684613558595,-0.09412597935156981,-0.23548143019049747,-0.13695207576057153,0.034330169255549305,-0.061441803673455676,-0.032388762099002814,-0.0389429582415,-0.012295922891605835,0.2695325540113375,-0.1176598022595288,0.08978769021609213,-0.20034318743114152,0.22826974242544662,-0.012243227016499556,0.10146964431676686,0.18677522180413506,0.10152745857768924,"data,scientist"
36,0.2953398391921327,0.15917063548220822,-0.15986581375939055,-0.049266059011824,-0.10056446050577916,-0.05784179793188813,0.011749082137684585,-0.02334419390621789,-0.03187453278199103,0.0213764764783247,0.05217629145501925,0.053746380329757745,-0.10507712193786238,0.05747183347588502,-0.03465097757275163,0.027522683652359266,0.025515002251998514,-0.03238116300615077,0.052641611897234736,-0.043010996300718404,"data,scientist"
37,0.2874818464910874,0.09667506985036715,-0.13359106320446665,0.03866959238404577,-0.164958655082945,-0.0904579597867617,-0.02419510670005559,0.012201990642200306,-0.09011414951207163,-0.17714529937982632,-0.0027592220013727417,-0.11613217125305655,0.0753033071476306,-0.02721310208599982,-0.02907703196907962,-0.04898023059811455,0.018226534492147343,-0.013930400643478884,0.013295193209491648,-0.05973702752952948,"data,analyst"
38,0.32475494501839564,0.15969364146239037,-0.27903638563921146,-0.0696580079728284,-0.05385171757775569,-0.000734916205522474,-0.04683434003813683,-0.022037639446120992,-0.08894192464383018,-0.0557998701953231,0.06459866761738044,-0.012501966496022263,0.05040365840176941,0.03703828297820241,-0.12497610813486619,-0.04147439260846001,-0.0803855362502505,-0.01852058458233666,-0.03687037525752438,-0.014353952750934927,"data,analyst"
39,0.3446986440115731,0.05759535738671838,-0.1348758782349635,0.08875770878792877,-0.280233043748327,-0.0539823812534874,-0.18304163720785643,0.2582268324196871,0.1278598900407201,0.006799057099507238,0.02189456359160467,-0.14772011665605125,-0.07239692671093259,-0.10499126006040838,0.023499307168216823,-0.06496031492777468,0.05936201067241592,0.05247834906995919,0.1542724514374723,0.05047278160763465,"data,analyst"
40,0.45057627069327666,0.038429400642126334,-0.1880023530011754,-0.017531322275050668,-0.12937701065971513,-0.1528437667358478,-0.16002948038398518,-0.028069674970885302,-0.021718299933150477,-0.08150424761603449,0.01995849513961918,-0.13987039974757412,0.0003396564767160487,-0.020406448352659673,0.008511017841576431,-0.037954256047504534,0.07155371297006895,0.012902598381625462,0.011350928461315244,-0.053065515770124395,"data,analyst"
41,0.37445493022321374,0.1727741594428177,-0.2212188034652117,-0.014964239979155225,-0.18615816653545667,-0.09181363720666727,-0.005298069987223976,-0.06975354927454064,-0.07946869035713357,-0.11694466432925912,0.009692584534584547,-0.08037369425202316,0.09721143397182859,-0.06158126772864502,0.01447973585182276,0.002160890307425111,0.0016555799527797255,0.028830219948339435,0.00821940026562004,-0.05881955519217046,"data,analyst"
42,0.2603586939859115,0.14321107845070766,-0.09715987882695619,-0.048571128744689905,-0.17305256241565234,-0.14934118623735393,-0.13021955971639373,0.4004901453163372,0.23989358678894804,0.49666358846119857,0.28918853777874065,-0.16231070303960796,0.12655449369767124,0.1697015166872588,0.08117570038748902,0.19700839704006134,0.14348331264159453,-0.011708110380354509,-0.13185745283404562,0.028577382419894572,"data,analyst"
43,0.37732951468337983,0.19570040922981008,-0.14128482134212736,0.017616678821266604,-0.15612579695949624,-0.05159209219443933,0.14061144861650762,-0.047283315440071846,-0.05146294591670031,-0.14368774589583747,-0.02843634203166423,-0.041924336864261724,0.17023591975165994,0.07356010193453433,-0.02855187878587765,0.06017949382184806,0.016327865557247242,0.0780738294520559,-0.21822754541103706,0.1044851313617852,"data,analyst"
44,0.2973331899024798,0.1515138419456142,-0.14272773744375286,-0.03317922232827634,-0.13794721526150147,-0.07875090496305087,0.038534569883470426,-0.07723516211567825,-0.06902817786495619,-0.14346800692666975,0.03224888724606058,-0.07466220856879174,0.10445051420580131,-0.008005936663796795,0.036667364489227465,-0.015660514229166363,-0.006360922226603423,0.05922354660481586,0.04711886460824777,-0.031112649257550203,"data,analyst"
45,0.25742156869931965,0.045127901500564616,-0.15782723558903192,0.08428446255445783,-0.1513109683844582,-0.05449499055979574,-0.16700395253840064,0.14466573597274565,-0.041121553546067315,-0.1050468812619706,-0.04983595455152388,0.042784407115192546,-0.03140385438844997,-0.14169543300455095,0.0298204050296328,-0.08574218095943943,0.24219339432618395,-0.035553292931265204,0.059828439536746006,-0.129323123122021,"data,analyst"
46,0.26277919398307914,0.16052638565442126,-0.17497359674842947,-0.07332757169583866,-0.08532378577068399,-0.07729135101412467,0.10525612000239706,-0.09424878771748477,0.007983398693047285,-0.024707954088752388,0.00479205096573217,-0.03222218712688438,0.10893342118460504,-0.02389718132832164,0.010426342865213243,-0.0074985484419084125,0.05705017203290187,0.01674544924570616,0.025088434015010454,-0.04887602151834315,"data,analyst"
47,0.29341920554306483,0.0660682401598587,-0.14849322508142027,-0.028634020173926397,-0.039369454519985664,-0.10117209272091741,0.022051236792811835,-0.025568614957023696,-0.014947953859169628,-0.07085470137125156,0.03910576937635298,-0.09303777425925772,-0.08948368469402981,0.00832362083690597,-0.024645189026969248,0.043486966118885514,0.006076754427056911,0.10022680536689656,-0.017396963936590053,-0.08103001566512069,"data,analyst"
48,0.30090729368895996,0.11454953581185287,-0.24169647471899502,-0.006754404214727643,-0.20614525556711383,-0.07489861315147843,-0.04345802144828681,0.06999927374965997,-0.04070126815914346,-0.15411533171314995,-0.06469446807661906,-0.01207673752716182,-0.05586487758278158,0.05460156711917234,-0.012422656742484295,-0.045714617548576544,0.06651941989248072,0.039391976694896844,-0.11500246020702097,0.08990549200949176,"data,analyst"
49,0.25866258282098886,0.1424766738299814,-0.09675310075537673,-0.04837451450569541,-0.17254970743252976,-0.14898648330716202,-0.13005147532833908,0.40017837070125195,0.23986027042309602,0.49671098061764946,0.28937061284971927,-0.16242395694505882,0.1267378148756309,0.16985425521947065,0.08128204847981121,0.19735108801839632,0.14374749006628332,-0.011769075951849593,-0.13217410209641248,0.028632573324427826,"data,analyst"
50,0.3842492032832819,0.14956771117509174,-0.1695886435717086,0.04253580553243286,-0.20850273980015338,-0.044848522548723395,-0.06425400832062819,0.15979040404205255,-0.005024116913442311,-0.17794521764089416,-0.06507988921745231,-0.08028576066468569,-0.052541801869454834,-0.030820803095909347,0.07660583910088961,-0.04406301270259065,0.0037657677947078435,0.05235793388142359,-0.03857417142287714,-0.047142093181616766,"data,analyst"
51,0.2942313390265959,0.11870032762907853,-0.14009317853958442,-0.051267502598774356,0.0019854711813577595,0.09074871468658913,-0.0036184021509096456,-0.08216610252209278,-0.10001388666057875,0.03630948774616665,0.018250975739247423,-0.005673973406920132,-0.23682112152028872,-0.14625918027246712,0.1033669237456301,-0.08928124573574987,0.07725117705111145,-0.13701242681876455,-0.1578410167668617,0.23811687522667274,"data,analyst"
52,0.35677661566785024,0.11933171276732386,-0.2726523176239985,-0.07315746111483401,-0.13482334166306487,0.28260635743807144,-0.12841005622259194,-0.06804370609414713,-0.1339387065665986,-0.11348744248727897,0.024674617531138608,-0.11793091521959143,0.11861522074781476,0.018630546047433905,-0.011020301506296033,0.014426744061878277,-0.012889966573325015,-0.016451824139029278,-0.13708186061419764,-0.049117306997182635,"data,analyst"
53,0.35003820140298814,0.23027135436564716,-0.22806536190751017,-0.0491730992148797,-0.20668795838850912,-0.07502015988974961,0.003509591766604897,0.03543411204332323,0.0037077461718113425,-0.13735827429809586,-0.05280744798314438,-0.043024240868422034,0.12664294286049288,-0.01530550949527139,-0.042974241953710066,-0.015505226999648255,0.037412193123933964,0.0171021115246633,-0.09599491054672554,-0.034427143753102324,"data,analyst"
54,0.402224127912499,0.22589400387951325,-0.3043550831662963,-0.06906553254091216,-0.2384474492490914,-0.11278872574970708,-0.022945520142618667,-0.017204505490219648,-0.0278960682909164,-0.10594604415818437,0.035813361436917136,-0.0951327212361316,0.08099724806175039,-0.04560751801693049,-0.008157464833078793,-0.06148903070624471,0.0356315607866103,-0.007088553369408921,-0.045111763184764064,-0.023835515555009977,"data,analyst"
55,0.4300220634291152,-0.002385896530441874,-0.05896725932523873,0.0589242465628408,-0.25171099773197136,-0.021744908315130554,-0.21201164886086113,0.1213773733621135,0.015089772432371256,-0.10986313038901745,-0.09762400658474785,-0.05815687168540932,-0.05196901709155034,-0.029680179564051917,0.04306368221218204,-0.059726552873188316,0.0072022370128551816,0.12196684960734804,0.022357721455748467,0.06296342740681717,"data,analyst"
56,0.3530205351431471,0.02970186618529281,-0.15817210093647768,0.15598423676927453,-0.05628198607034149,-0.05628794682676772,-0.12537127844853171,0.11204082384939297,-0.05525379867306876,-0.19484875247351843,-0.07525735825209484,0.04797019664419367,-0.07301288515133575,-0.08986480710192173,0.027454620197954874,-0.08945101647693454,0.2127186477237023,-0.0293465133979397,-0.006273606063183522,-0.009837288067681738,"data,analyst"
57,0.34518428721628414,0.1684609950647387,-0.28145955264328265,-0.07775735938550926,-0.17079618642837535,-0.10333445529512869,0.02907892168102243,-0.037610057215876076,-0.055404836999108587,-0.18600427793836546,0.046109080218585397,-0.09651401139389741,0.12319555899957522,0.02775864208694743,0.0016989181513356439,-0.010201674591070348,0.0336016620276262,0.03771154176392143,-0.06468128999615143,0.013202582749568934,"data,analyst"
58,0.3134176637015982,0.1544885637542534,-0.15322549755170378,-0.028582467275130172,-0.06419052329525,-0.014413651272780631,-0.01641098209963073,-0.05858034219965292,-0.1507454585089762,0.020665841802213314,0.046356992174154815,-0.04007740952477792,-0.23974608126782201,-0.16057816997962668,0.05367801519994911,-0.0925526879939957,0.07789381064007594,-0.14983426028521893,-0.1866137938475173,0.23358713070704323,"data,analyst"
59,0.13827301791515015,0.07318047562374257,-0.12958201151965743,-0.01666232360895058,-0.15062551514579559,-0.06286536794799474,-0.076868443869671,0.028227095570592952,-0.04300708990649786,-0.03447607726782439,0.025060752422948994,0.02999730959061548,-0.06598481337238117,0.03279467009532691,0.023036154663109303,-0.06602376419202587,0.08565099460036608,0.030245815630027033,-0.002608518916153683,0.002933565920794475,"data,analyst"
60,0.24986680322540092,0.08438003998362775,-0.1420874994059963,-0.02631338556753441,-0.2326116127124741,-0.05459711263236786,-0.10224149319041151,0.10594377027813379,-0.09658866251036458,-0.08398733307419934,-0.014157305732852826,0.013113439231812159,-0.07990910925097508,0.029287899823026313,0.038804547935400086,-0.037330251413545144,0.05399026788808798,0.10208563500473632,-0.13037125048962453,0.1001017820503177,"data,analyst"
61,0.18719942415343802,-0.07795737600202896,0.02893100142585587,0.22580061506864005,-0.08814200656280849,0.004446560240562895,0.10440527488081588,-0.08374350505271878,-0.03796521527451631,0.05304044413666966,0.032354954119385784,-0.02812983421806141,0.145078386353353,0.007827688557289735,-0.030135312099006998,0.07486458001680746,-0.051181681844208154,0.025011402441549167,-0.14095007796794118,0.13902690264160136,"project,manager"
62,0.40587293608339675,-0.17044614664009416,0.009890093114563498,0.3838839919786913,-0.14116080501144707,0.08278969306975979,0.1109068753822917,-0.046359368927098576,-0.017166940748047418,-0.005993621132808215,-0.007007685635706076,-0.043371677048028294,0.10881974727084166,-0.015378384230706414,0.013960948391089025,0.06530420852541101,-0.09936414484148803,0.07770352210487236,-0.04497014768842063,0.05485640141260123,"project,manager"
63,0.3050197440877767,-0.023244257300735104,-0.06578871440680935,0.24136151370772416,-0.0751751414977636,0.017080861182530133,-0.044558995154370694,0.31637830048367616,0.16905862382473977,0.07317340160394573,0.01842894577857972,-0.11871405234991535,-0.07847675401633081,-0.1618238150078598,0.022732862103405808,-0.011754371657986897,0.018367599342261672,0.004409763770201735,0.2136131247848663,0.054593178984241264,"project,manager"
64,0.4316079958783912,-0.08160827679961605,-0.04012078943102272,0.3211245885586659,-0.045467389482908335,0.039204883397408186,-0.008166205390357345,0.19539245471669456,0.22561555875401218,0.09958298038108324,-0.01669103350327326,-0.06051136980930313,-0.10921943228219706,-0.1354884207106371,0.05577388321879798,0.021467953613612745,-0.034416222623540285,0.020432304938943224,0.1563859879648951,0.060593365876264765,"project,manager"
65,0.2661347551047965,-0.1521955048749209,0.019468314640873733,0.20880952141543685,-0.13457100023256105,0.02711684626564051,0.049242268303365144,-0.00531562057646408,-0.034102357647258504,0.03456656388196932,-0.06680855090039489,0.015845668625133872,0.028661428822965428,-0.01678161163422595,0.05858336845462142,0.01273728189006101,-0.03684363700966581,0.022995526648859992,-0.11505967092576996,-0.06355056575359157,"project,manager"
66,0.2806682030005783,-0.20592915616071122,0.027641455791447382,0.329218129228384,-0.07295138552986097,0.06283252167086145,-0.11488115557245722,-0.15421800587886478,0.06868829238239979,0.0038399376056249697,0.3681481502930699,0.4744503008820106,0.16544335664360157,-0.27068802931325997,-0.07006310196243987,0.05324212223692883,0.1896970775663122,-0.018960279849973373,-0.017154137271145613,-0.19634957033891845,"project,manager"
67,0.2806682030005783,-0.20592915616071122,0.027641455791447382,0.329218129228384,-0.07295138552986097,0.06283252167086145,-0.11488115557245722,-0.15421800587886478,0.06868829238239979,0.0038399376056249697,0.3681481502930699,0.4744503008820106,0.16544335664360157,-0.27068802931325997,-0.07006310196243987,0.05324212223692883,0.1896970775663122,-0.018960279849973373,-0.017154137271145613,-0.19634957033891845,"project,manager"
68,0.30652382384277127,-0.12087149011818904,-0.02949023254463128,0.4116595499542547,-0.016033004844319576,0.08022917385142908,0.18740264746317475,0.15074787710069293,0.01814878629635997,-0.017502372067735635,0.04148448312711473,-0.014688852995539493,-0.08073726600072184,-0.046371262587899004,-0.015926754861348646,0.055870032931817394,-0.19577532757044047,-0.018102006540177313,0.010082714441924033,0.06826265893749586,"project,manager"
69,0.34971366084180083,-0.2438032191656618,0.0738375149758829,0.24821980026221147,-0.18380827493437593,-0.013992466292347017,-0.07328421949910742,-0.1872810452411581,-0.0780211762217719,0.15895482427877716,-0.08285376823635825,-0.008607485200286842,0.03510631142942039,-0.007875765700586262,0.054236721137845306,0.0796117329956833,-0.013582893519097939,0.024684251123846965,-0.11144673461552902,-0.03570105056168028,"project,manager"
70,0.3465911957228337,-0.14275227070952476,0.01728902722938372,0.4444617313455132,0.09362653237353576,-0.03783978601442117,0.0845360332586539,0.05885196631793679,0.023481331351694428,-0.11463608761806021,0.09239580934950209,0.004565661994359289,-0.006764243217996979,0.02126555375871782,-0.03183380972556349,0.0003196159901915664,-0.06407469863871272,-0.03792195491385184,-0.06408550874791621,0.0038413783139899012,"project,manager"
71,0.47352424229418233,-0.19109867979198106,0.004490603395430267,0.415651876825452,-0.035479065060543824,0.007060051719454345,0.006342586545182282,0.0007315470559869741,0.061495982959079716,-0.03660024144645407,0.02817964845472073,0.020014672036500508,-0.060946820588836194,-0.0011348934009337546,0.03430379230345254,0.029829566474399105,-0.0690028507798597,0.03397773933754873,-0.05958928478264732,0.058820807781795326,"project,manager"
72,0.2710777704180791,-0.128204908008931,0.04321800973138082,0.22213395379010023,-0.09868382340358621,0.009616817859879197,-0.0030467610275415097,-0.16291222009899176,-0.08963848309901992,0.0833317552288822,-0.006559511255277321,-0.017223570903109414,0.0157720256386472,0.0523220999335731,0.00800646678431606,0.0887486307479107,-0.06570499819920546,0.041090147495377385,-0.1724711469213903,0.08612569821627013,"project,manager"
73,0.309042522214699,-0.12349452460349454,-0.018068768501042463,0.4108239116876317,-0.07224963263976582,0.03254881683787088,0.14802260288003685,-0.05496105164546765,-0.04152773038736566,-0.04074441006680134,0.042340317198179635,-0.06448342149063514,0.134166720960143,0.033269552458493945,0.002799354119765506,0.08310324780865636,-0.087623351726373,0.03218916214164145,-0.10113507336272189,0.12447123723943182,"project,manager"
74,0.4168274478709386,-0.16414731701927907,0.028963433255667786,0.38670692144278407,-0.13873876141361619,0.034531745728892324,0.13436477298176835,-0.06040566093883372,-0.05567291657526092,0.023559439864239,0.0007994496833573973,-0.0303263616999708,0.0896252841320681,-0.0227313955794837,0.013092718109373206,0.03909219433606552,-0.10901993591380654,-0.03568069866804615,-0.03835232038600964,0.05501251386119426,"project,manager"
75,0.403068414146792,-0.09288217287217054,-0.046797298916470505,0.16478585753850244,-0.08487312798111948,0.16822820295848723,-0.11202980894753577,0.06987906625054763,0.14576376111087816,0.04681931162765261,-0.17606365679295402,0.049636060124451827,-0.05280920758371201,-0.033149181653123895,-0.03336271999873045,-0.07401358389387294,-0.013223955603326638,0.06642865730154947,0.01774552179077308,-0.046382445238189136,"project,manager"
76,0.4225747048334031,-0.18433626376501155,0.035346312193240026,0.48427707819746785,-0.13646048066260294,0.0886881483814182,0.19474641527568054,0.011042601636231783,-0.04059558959951103,0.011835577163012305,-0.005988049429511294,-0.01084586683211978,0.025513447799264406,0.06519064978985556,-0.018352469570942265,0.0357163946575918,-0.08968439485777698,0.033538192104553805,-0.11228611382121126,0.013310153641577786,"project,manager"
77,0.2669641385108044,-0.13338256043002134,0.03437435728165752,0.17758468305907796,-0.08017239886266599,-0.004432833572715343,-0.008753268245281293,-0.15706824988363013,-0.11306111719813465,0.12539136537810877,0.011740772300646173,0.033734997939705066,0.018721515041437462,0.04124287632144789,0.08598626292921005,0.11466719189791674,-0.006272403210595377,0.04192232342884598,-0.0779972924427979,-0.05766515524895556,"project,manager"
78,0.31627483331880757,-0.11459597500969297,-0.0018096938026523365,0.4155925752494259,-0.07131664407982936,0.054967333556711045,0.19419251839930815,0.07415908663322958,0.03591061832962464,-0.0813211837029474,0.026578680469939553,0.04627545880209938,-0.05274424998997384,-0.04494473260956847,-0.051159196167131264,-0.060702425160353256,-0.03770007440702435,-0.03017979480145777,-0.029708410214625867,-0.04126249302006996,"project,manager"
79,0.45147278578339306,-0.06656394242955653,-0.07452359893204097,0.3535066484053809,0.033483348548724194,0.07814021354853953,0.09846148611230766,0.16895673431512745,0.12100354115197028,-0.04679188237370239,-0.02980904948235088,-0.03190393464720281,-0.12366591263425313,-0.04951869339878291,-0.040586179261455205,-0.03898654793816417,-0.14499384195252585,-0.03396218380896533,0.05012021963305281,-0.018371716340348045,"project,manager"
80,0.2526337915712512,-0.0992865067282393,-0.019415778355133084,0.185344286128718,-0.02666361226933467,0.08083987849787562,0.05610078300187372,0.050751862580226945,-0.026595693545490615,-0.04912806363030596,-0.1159113822432629,-0.0113895618473666,-0.02664259562221602,0.011399437209281457,0.04684750904625346,-0.0348497711604129,-0.021519247379469097,0.02871681832998551,0.07162871666218527,-0.10011453910082634,"project,manager"
81,0.4721752974803484,0.13434269324354284,-0.1270524481424076,0.007440909923527518,0.11628800444245824,0.30787268822353403,0.0909962088898978,-0.1431639214352137,0.013094371527073307,0.03412226596105038,0.14732639772004888,-0.07580158591320169,0.04562194400698672,-0.05270078790304972,0.07946001758815767,-0.0234704348596207,0.05681886611302641,0.00942244648044791,0.0849178520519436,0.009237098917806696,"project,manager"
82,0.25913077366347015,-0.09005252296879025,0.05151633568824766,0.09161059892997586,-0.038098304389956233,-0.016501206972844153,0.030584964372568857,-0.11162308881307481,-0.03740347495914325,0.09117091398397918,-0.027270099904535765,-0.0028758419049532166,0.011358487268088285,-0.0006454620770746126,-0.0008505720725305419,-0.07366560298614828,0.05572554150353525,0.0843031406247437,-0.08736061958645823,0.019570514645563822,"project,manager"
83,0.30857405522408743,-0.13923091931024387,0.016162152832175848,0.32128674161783816,-0.08298972726326685,0.060821902875479665,0.3457139116605173,-0.04964193973719019,-0.22681475937186954,0.16092735854571608,-0.012866368072372165,-0.12091260803356935,-0.020539863178868235,0.39172805253860765,-0.1737170293287488,-0.2109551421480295,0.39447694334888417,-0.14286548572148255,0.22438311005426742,-0.02947429336060052,"project,manager"
84,0.30857405522408743,-0.13923091931024387,0.016162152832175848,0.32128674161783816,-0.08298972726326685,0.060821902875479665,0.3457139116605173,-0.04964193973719019,-0.22681475937186954,0.16092735854571608,-0.012866368072372165,-0.12091260803356935,-0.020539863178868235,0.39172805253860765,-0.1737170293287488,-0.2109551421480295,0.39447694334888417,-0.14286548572148255,0.22438311005426742,-0.02947429336060052,"project,manager"
85,0.35371966128707716,-0.19444322192940774,0.03766781564600118,0.19631216869926388,-0.03188411611596765,-0.02122387122742811,-0.01990458179452064,-0.0666225556147241,-0.043047329515411785,0.03680914683705449,-0.03420495697951064,-0.0617100725159696,-0.022707231852762792,-0.014941815835807391,0.04297503735518741,-0.052349632900791206,0.0035445254742994675,0.0011380550293287072,0.03334606719123676,-0.0002735940891888793,"project,manager"
86,0.3834490995337737,-0.16223523879746257,-0.023550187515466166,0.49054694352441625,-0.04653088643767399,0.075723146690262,0.18493158669042262,0.07846460410662427,0.020108671087445677,-0.0599699501104565,0.06592408807121336,-0.02025026690291799,-0.028304613048987872,0.0008317671398577733,-0.020720528830706932,0.02468295458089697,-0.1056611199248173,0.0009944624295592911,-0.0724311899179599,0.02474982860694847,"project,manager"
87,0.3794633226177382,-0.07673796003518538,-0.04104969466069364,0.32839648823266404,0.09827641622853346,-0.019096896380252342,0.13466513318794607,0.0841226694300347,0.0783754219438272,-0.03133459862093902,0.02182709059001905,-0.04968218939511841,-0.07938387293232033,-0.03810191627711881,-0.009854373645647936,-0.025750695850568134,-0.0900023111635868,-0.061645220558771474,0.01146051386703367,0.020169532137796334,"project,manager"
88,0.3707690688017945,-0.1580056751775162,0.06972866553054007,-0.06153173314430555,-0.018933014200638424,0.06289974461482287,0.044438860867539606,0.05117161057695391,0.1165890320355313,0.029071112679789398,-0.16480872098464006,0.13546050963311657,-0.07603766136833542,0.02436067262576464,-0.12560131369699473,-0.030620865661750082,0.04289666417507145,-0.027624138599796372,-0.024244706155392648,-0.1409519175099559,"product,manager"
89,0.31506563472148297,0.13706726759988783,-0.07852755416097522,-0.11001457063071948,0.03417619698293184,0.04795308977962247,0.055500783832135046,-0.04056221440777669,0.08060676403121407,-0.04516371708821349,-0.0952618062103163,-0.09354313493583559,0.10834984516215515,0.0048329163856697535,-0.05572247404788026,0.05277005624654601,0.057480868628837174,0.038515541291957285,-0.0213191570113673,-0.01214396407841388,"product,manager"
90,0.43509182999884854,-0.05832340626514729,0.024197842823289836,-0.04813031817781771,-0.02222616878952191,0.12376853353042673,-0.003574970904931088,0.013231414068417052,0.16556309185446838,0.1594376481136799,-0.20098754739325853,0.10079418373593207,-0.0651698267668865,0.010318772166727361,0.06697066659386627,0.06718690879673382,0.016374093305144704,0.049784657524031155,-0.05694284875861687,-0.020224443115693203,"product,manager"
91,0.38479565074244915,-0.1839082005872093,0.049493010370414425,-0.07127598224114251,-0.057713241746231464,0.00998901048408467,-0.03911042512726427,-0.00418386766255056,0.10589245496205478,0.0892833561047727,-0.07522599137204292,0.061078219409717194,-0.027246673665949805,-0.08010262669828074,-0.06391639832157031,-0.00577976497409499,0.026238654769310827,-0.017479126204346784,0.008170974154857976,-0.12975291711035136,"product,manager"
92,0.3394021014904484,0.12350620523972328,-0.03613491021121996,-0.018180177773420823,-0.002888830705658826,-0.02684785748159558,0.0490484011131234,-0.0020474390826039834,0.1269554590136703,0.10119594565976887,-0.11744577237154272,0.011674333518731558,-0.07200096242472337,-0.06278185365231452,0.0020678125992671507,0.06441410670562285,0.08383732777964369,0.01126029766082449,-0.01639240487726976,0.009099123529756661,"product,manager"
93,0.375851616209718,0.06352250658084814,-0.10877328880135337,-0.11248265504886436,0.06951942848687419,0.17730259883354127,0.008912761522821448,-0.11233811370456215,-0.010809212204807392,0.08900481368409403,0.027409540793719354,0.07127701497593,-0.0682937475103905,0.023616683885326638,0.032473604179197674,0.02113112863836859,-0.009021208733963094,0.03689073870354853,-0.09080513223367101,-0.023699385368602173,"product,manager"
94,0.46849506878616654,0.14545771799033166,-0.029771662640102354,-0.08416644578748075,0.11030873615429071,-0.04606637299272388,0.0947533711582563,-0.044838006449688945,0.14133139551094073,0.040874930498120805,-0.053109555250794103,0.024089754730456676,-0.08307797256296687,-0.0031938481187650095,0.0026977983048996103,0.0523773840320882,0.006604901294548896,0.011260018640900947,-0.06348677993378234,-0.025060318990650265,"product,manager"
95,0.37463132646615865,0.18369035265974273,-0.03729687951995109,-0.04095619703070825,0.06332670990823518,-0.012427162640472101,0.2421940761718636,-0.15114181482859532,0.35132959208536496,0.07816178531549578,-0.3043876219749028,-0.05016555311146944,0.1592342397400995,-0.19495718098989875,0.02136625529993041,0.04857653642039463,-0.032917746503155786,-0.28578014341302904,0.08838410176463772,0.07140556026090121,"product,manager"
96,0.3040320710706374,0.17202947663323184,-0.09972722305718817,-0.10986447012827752,-0.019495635374672807,-0.02495979649516123,0.062129319665619194,-0.05748755692928452,0.06257211591199549,0.07054058916344305,-0.08469798734446031,0.12131594809286719,0.07520273246911624,0.019586998640335064,-0.03110271854974148,0.018504413124829467,0.019562597661949097,0.04478551480851039,-0.06915765128055808,-0.0017281907104229942,"product,manager"
97,0.25604398241226795,0.1804855706157745,0.016464223256519132,-0.011807372447389395,-0.022393129494882143,-0.056596440353071334,0.12204612854946023,-0.08602264609700254,0.020669017512567778,0.09268379080035596,-0.009063918811528356,-0.0733309775831758,0.10497492031161534,-0.13574119241633342,0.06304939888705095,0.005629104140303383,0.04318907359001687,0.12580918865933605,0.018618722508354512,0.009861599566270682,"product,manager"
98,0.417874207672485,0.23796614430848018,-0.1089500586225484,-0.06593793986399155,-0.012702121042628006,-0.035949517320425735,0.2147048150095258,-0.12893803334487244,0.3378666724216263,0.05424102912004934,-0.27992174570971146,-0.051268038618273656,0.1682227197611762,-0.17152845906497477,0.013474349310823497,0.03351186731819689,-0.023013527079442552,-0.2918938659127222,0.06565177430850432,0.06528120226363962,"product,manager"
99,0.27784274774050416,0.028872552338807627,-0.04122546681898696,-0.05568776912275855,0.01625586857929757,-0.02268823459653081,0.09059054591583116,0.04152958865445365,0.11023788829419769,0.031662995033325037,-0.06382157897161062,-0.029836666958517537,0.06358736575971927,0.028563746664644386,0.0014024893658896637,-0.01950057539505144,-0.029469446295511553,-0.040119185230447434,0.01722822591281464,-0.04254492245328637,"product,manager"
100,0.32244654045853266,0.15170655652365878,-0.07025425383462708,-0.08401703239769107,0.029389033120973226,-0.07369959668085908,0.18348489468816168,-0.14755320721310353,0.1074953864884932,0.015080941692906023,-0.051000401786714715,0.014932282668406672,0.07320167164845391,-0.0722676992302924,0.026425568299544164,-0.023426323833008852,0.009402889035000368,0.07797070668296359,-0.04174315881508944,-0.017870444216649857,"product,manager"
101,0.4520645171479414,0.21058918208077146,-0.00223791995580434,-0.05521951842916983,0.020354298930138074,0.014645565468057566,0.15626732491712547,-0.07067083322079223,0.16163716536203868,-0.0382181583485644,-0.18889991000613418,0.03128011879679654,0.07261287386135129,0.03966001710130585,6.116482286865521e-05,0.08937439577069221,0.06653630780984243,0.02543518960272806,-0.15009929520939885,0.04257715425576949,"product,manager"
102,0.30528960380002645,0.16235183092572544,-0.025937408737782303,-0.06828328825088384,-0.018837131755647895,-0.044294290260582216,0.157452922312232,-0.12987719740465278,0.1650847931301887,0.0514135665817258,-0.14149704582146533,0.043649844964431625,-0.022920946620058523,-0.05352083913077819,-0.08214008462247005,0.0320070935890364,0.04378003862644828,0.031024022050487172,-0.059084543561588564,-0.00185984774750285,"product,manager"
103,0.39233996548284517,0.07619100219162205,0.01387498541767445,0.009895917491780332,0.0311670412799048,0.04428434178332704,0.030271194373442924,-0.024683558499689756,0.18788696317010484,0.03208367449162638,-0.12541663409262965,0.011310254319202082,-0.11849482381218676,-0.010511899823240526,-0.06416051310051643,-0.012821337367706343,0.06305207600878228,0.006444797140708678,-0.04494945201183143,-0.03710968400374578,"product,manager"
104,0.3553087289346241,0.17481541506154766,-0.0148766124153682,-0.025165083146972512,0.031687104275066685,0.005700518787770787,0.1365701895855087,-0.1284117666995269,0.11463673143592645,-0.03134785368094323,-0.06983290640561592,0.059392938939452605,0.0857511015542385,-0.05316690790824094,0.028536236922756072,0.048756849868048034,0.007383192418816431,0.03738847408329394,-0.03868624116822817,0.03539118433095033,"product,manager"
105,0.3144167160423924,0.1374492785399814,0.003441135101558298,-0.032074935814236157,0.01687146202952345,0.061330267566084104,0.10378172168950152,-0.0760482275305544,0.10823763173682116,0.036818540195173464,-0.14390174853222729,0.012945980018682919,-0.10352084719883264,-0.032474361277436005,-0.01025242032587001,0.06948599510620798,0.06010482397071319,-0.029794703720527106,-0.09852650879015906,-0.051034187151680455,"product,manager"
106,0.27805124141281956,-0.12671306240167046,0.035516675788401224,-0.06650315500790108,-0.05836769004361385,-0.031264738683625344,0.038105870551382474,-0.024551796485864343,-0.07681399599509622,0.05663356002564881,-0.03943745459324249,0.0026465258678375547,0.03750292417034324,-0.016892221109965046,0.08537523993993255,0.03188134886584618,0.026776071064364707,0.06109668922651193,-0.0899120269568105,-0.055056651541154064,"account,manager"
107,0.2587771030977626,-0.07343772599570388,-0.01070845059669276,-0.028973014506192024,0.023054078173835733,-0.009464853703539413,-0.007363121059375031,0.0041736562337755315,0.01445456231897835,-0.0039662031283949975,-0.02934988173274887,-0.0531865327539295,-0.033231748767387034,-0.10024924553919952,0.08733194155855767,0.04677294728992429,0.10277571087683535,0.020016803340184644,0.11452164243348789,-0.1316337171874316,"account,manager"
108,0.4120145815319694,-0.27101629608028577,0.013078471686143107,0.1129531550723386,0.257783996935441,-0.21764778670890322,-0.2116661498612054,-0.06230052145744739,0.19554864598104216,-0.25947391274056464,0.14164675622811343,-0.0444224470155557,-0.026562820600672207,0.14010843935390527,-0.022815404072862176,0.0475403884289358,-0.0009516050277603687,-0.0332537394619464,-0.00927251670060517,0.025358291639405485,"account,manager"
109,0.3618119350300973,-0.37097769832258853,0.1867459418312806,-0.2086357594943269,-0.14954082146336078,-0.0629931376387902,-0.12067021732274202,-0.09053225737011905,0.08902686134742048,0.012177360735430924,0.0358871675368319,0.042559356312356016,0.16972771480886348,-0.09420187207843451,-0.22811315401266635,-0.19748174902802437,0.014812922706927837,-0.010576808719152066,0.16892346939498407,0.4718179597859479,"account,manager"
110,0.4995530137229029,-0.3172040375964708,0.13294063096959813,-0.1811712466780261,-0.05807067198294907,-0.027031674248929296,-0.027880208561893965,0.0090972309060028,0.16824770942195952,-0.04426812271794534,-0.0642030561265567,0.010525660968246843,0.004474698739089477,0.06779738885128014,-0.0850226423570533,-0.02238064333982315,0.009478639342438477,0.042207664851273745,0.00786313570783456,-0.04197973961119993,"account,manager"
111,0.27566548875820124,-0.16073631780252362,0.04825312396477928,-0.002828488314659653,-0.03057221115199657,0.039723022351836335,-0.040826628400415836,-0.026634462367819363,0.11771917813882157,-0.03530713823516297,-0.045896423461364536,-0.02146047059567456,0.0013543304788048347,0.14938218162956357,-0.09676514853216758,0.045983300179965186,-0.036317048851871266,0.06347753470851844,-0.0588680641247086,-0.13316134262164017,"account,manager"
112,0.3551398044337605,-0.2998728825971631,0.11854531838155068,-0.039981139236890645,-0.10841846221999842,-0.07666792606531818,-0.06601772051308712,-0.13300859383064675,-0.04359668238487879,0.07614517697740415,-0.002689189051880837,-0.03569376781515975,0.09833409561996755,0.03439166299069215,0.02139118170467484,0.09535456880928941,0.022615068164412964,0.08138611830973262,-0.03662741450764302,0.025465046314011433,"account,manager"
113,0.39832980860572725,-0.1718624293525962,0.026858453557194663,-0.019716966104934404,0.16299014466839595,-0.12614385043089546,-0.09935059170592728,-0.0419996192215929,0.20398141575776935,-0.20588308099946054,0.0986545179706863,-0.05830511056758737,-0.03158145397867314,0.13803338055815087,-0.06401767565529935,0.019499037352536806,0.04636756151519034,0.010408091479424392,-0.05144327249690953,-0.054662410098870295,"account,manager"
114,0.37952960379613176,-0.2156840268977491,0.03653554618741336,0.10149392730685075,0.05635488860218115,-0.11893131578933526,-0.2964551906032332,-0.09491840068028494,0.11721320178277302,-0.059311197562256036,-0.051742601344034946,-0.0632054217945163,-0.03734685230590418,-0.016591953754663324,-0.02144010823855731,-0.05826567551068201,0.008058534002596722,-0.014046106144262261,0.07108560002293082,-0.02030566861587988,"account,manager"
115,0.361027778098513,-0.21319106779584876,0.06434030085989197,0.00792802936924093,-0.010046008254026921,-0.0290518000908283,-0.07062493631976358,-0.14592945410482488,0.09771455020794742,-0.03338329590537341,-0.054743095903898274,-0.08943096250230588,-0.0546073359956199,0.14793730979722616,-0.007302661599225629,0.11761694275739568,-0.004677537526157338,0.0954278842502525,-0.025145879890768552,-0.08412057862800232,"account,manager"
116,0.28259482098600563,-0.028636394641841662,-0.024364775957884156,-0.1146566368150235,-0.03322920107510273,-0.04367647170350896,0.10656182966831548,0.17189747266839267,0.04903280953322045,-0.03317091699607984,0.07151530571549243,-0.08585256186111052,0.09793070808847434,-0.038155032803857396,0.0718193116305586,0.04910928067949338,0.05236900852438705,0.0507465190799386,0.15016330771391692,0.00351079931719318,"account,manager"
117,0.3347285673489482,-0.18756690754839764,0.027365171882466382,0.09232420930821053,-0.030557097606690755,-0.019195795982535884,-0.2746333459895088,-0.08806327037491397,0.05143830420145075,0.017454238487316708,-0.05105316350611957,-0.05188748693412361,-0.02703379858832391,-0.09882812725151423,0.07770187544435124,-0.07301958679322196,0.021139923583767296,-0.04711944524324525,0.17768446570602175,-0.03720697250907614,"account,manager"
118,0.43275220058051245,-0.34941496360117696,0.1331010452506754,-0.21520111521041893,0.05797235311792816,-0.10115011385048349,-0.026367881038407603,-0.06334333898129527,0.0922916841950115,-0.12579363129107818,0.18632816849707068,-0.10831173470567848,0.07693890942806353,0.15128436519599464,-0.15748748740849966,0.053211878269272345,-0.020189852073813862,-0.16715739874267738,-0.11738181248181231,0.015428799976066599,"account,manager"
119,0.43275220058051245,-0.34941496360117696,0.1331010452506754,-0.21520111521041893,0.05797235311792816,-0.10115011385048349,-0.026367881038407603,-0.06334333898129527,0.0922916841950115,-0.12579363129107818,0.18632816849707068,-0.10831173470567848,0.07693890942806353,0.15128436519599464,-0.15748748740849966,0.053211878269272345,-0.020189852073813862,-0.16715739874267738,-0.11738181248181231,0.015428799976066599,"account,manager"
120,0.363541274328503,-0.15829025488431056,0.04712512538524145,0.011792817770504442,0.017044351288813753,-0.12775293411393412,-0.16310069565071916,-0.17864484951630755,-0.006950589951067785,0.05046033965600694,-0.05349182309930737,-0.10398118758100512,0.01770887503534968,-0.06912274039335577,0.03328718805390628,-0.01444750194981611,0.02293230535648436,-0.00764213812581402,0.16987179099961988,-0.0050790229566521315,"account,manager"
121,0.42734629146306946,-0.12923092848916132,-0.004878853870569186,0.12735721632215527,0.25631760387381664,-0.16048649149069724,-0.17952887558438563,-0.08376818672539414,0.20669144368823836,-0.14211620669766253,0.05922973256117995,-0.06257851853398283,-0.08241799007877862,0.0979000229467502,-0.0551870151627756,-0.040401737040903246,0.06242143346980729,-0.052405825797437196,-0.07353589620467958,-0.001860517020061851,"account,manager"
122,0.3725277929674162,-0.1588457328456925,0.02741980834883136,-0.06585686806726176,0.0022310881234963334,0.0336612835620006,-0.02270983674789517,0.20905544525943653,0.09270655652697228,0.05282770686805333,0.013150759981825973,-0.02579923142040794,0.06493925077741865,-0.010980242372122083,0.018418477951366953,0.10991747265319474,-0.017459334585122985,0.024034104534470233,0.07194951624182745,-0.007196923402213793,"account,manager"
123,0.4028424090150594,-0.18713791651022965,0.048143893690121606,0.07561711930401976,0.14180331783256397,-0.18916661347430921,-0.24368030234083407,-0.19301009234134447,0.09576187429160185,-0.08093166178960971,-0.006381739917386879,-0.041804868660640336,-0.12137645063042873,0.17353941766186473,0.045978398380884106,0.052164569054714165,0.009700113766056893,-0.04786831684384914,-0.11293318853078552,0.032056143460487636,"account,manager"
124,0.30899657325712954,-0.016508944070953397,-0.0344635091254977,-0.1674301350071687,0.11810810242501044,0.14002720769441118,0.059382891002580124,0.002725168630864796,0.09036530091309158,-0.03357835557077197,0.0993517316483597,-0.006728635080769613,-0.012431102915334013,0.13518142538609323,0.006090010203661338,0.03058259882434619,0.04905798078147621,-0.010197126096465241,-0.02135282663131841,-0.014680498114702642,"account,manager"
125,0.39899678662857857,-0.1218080605446016,0.026036653797514558,-0.12690206435313942,0.27470641027109227,-0.1008665510248784,0.03293163045338119,0.0411104679583969,0.13064455902197925,-0.14547474730507434,0.16005051311630775,-0.026134786769294358,0.009489641164908861,0.07704334916060639,0.011744524541194866,0.07725172217626523,0.019937054106613138,9.098773240169946e-05,0.07782059893129367,0.017860902119336337,"account,manager"
126,0.334318651101371,-0.06696099542319253,0.04692895575314704,-0.10503220172217831,0.09055986239432931,-0.08500848571062312,0.05424403055969959,0.18193689338681382,0.01729881100742266,-0.009551514458270589,-0.005115468112811742,0.1501893830768468,-0.0711702549755044,0.06476993862813714,0.003159103408918974,-0.001081394117365915,-0.006686342757835447,0.06975734237941789,-0.061266362310664985,0.09722848831605074,"account,manager"
127,0.3715472728365093,-0.1948096036056831,0.03517846076588803,0.10477364632132237,0.009038395651952589,-0.08976297043890107,-0.226614508438139,-0.1375921223766366,-0.024037811168418785,0.038639630740595836,-0.08025308720513301,-0.054835314246809805,-0.09538260373699112,0.08387392829351731,0.13312982979923174,0.013763964678195755,-0.027794038759917955,0.03375704374543564,0.15759124581338507,-0.13596928734959815,"account,manager"
128,0.39307041047938507,0.02369149418684429,-0.09333660676826697,0.13821489986082489,0.2681053544084656,-0.14494469050332442,0.016142119749681504,0.023509118872084164,-0.06469309246014678,0.041531337472855645,0.0157254811776029,-0.01682131673503221,-0.058797041009700755,-0.0576929684847438,-0.008202458254095216,-0.05428564828282483,-0.008478475094772678,0.0266410326489077,0.06701302921911212,0.05871901562660942,consultant
129,0.36170387108047025,0.029430211352399132,-0.046674956061086695,-0.15577471343477747,0.18797639395815072,-0.02843036115378184,0.08524377809718628,-0.06898587273848375,0.01949955710666897,0.06520868903766758,0.054033618447343425,-0.023536282995929667,0.03651605097385667,-0.034754087506327636,0.022505846234402428,0.016755550060326106,0.04810045376760099,0.06633843894316063,0.007485417460805896,-0.07114322902072799,consultant
130,0.33951168796580034,0.06426726681816197,-0.22643741900514727,0.03523252522228394,0.21909273151843042,0.0674147246442282,-0.2186690938908386,0.26146876544944686,-0.22809127541076224,0.22151358522377607,-0.21041728763759462,0.14354674582077442,0.3058033925969087,0.014329667072639033,-0.21862005156504738,-0.023820873269878518,-0.08164444661066046,0.013480022049467945,-0.07923528274528253,-0.054417138873937954,consultant
131,0.3484884645024518,0.05362979458944293,-0.20681209873160253,0.024835711534717607,0.24612073396655348,0.09431667300886222,-0.2253252668509161,0.23754385658233054,-0.22433432666348185,0.23656585616920842,-0.20881309676552615,0.11974789599760106,0.3131404212764798,0.03288699251787127,-0.20271840669105753,-0.013483360663351358,-0.09098755435451995,0.011890498888684082,-0.08313750935741228,-0.0469774051968168,consultant
132,0.3358431168768351,0.03254544951460598,-0.12519888174371296,0.11841009800647591,0.4315029948255368,-0.19722155012251358,-0.032857557641006487,0.10408315764277201,-0.1757976543649461,0.032532797090821505,-0.10101176879206421,0.04282551322199239,0.09171706086090753,-0.060530626257941235,-0.022031893873577554,-0.028898972162720183,-0.02328901771900622,0.010386538050235502,0.014192403554705925,0.0020234339349931843,consultant
133,0.23358909563267558,0.052000205942374665,-0.08843709752687988,-0.016652212093090535,0.22514780047241711,-0.17694218532261674,0.03324991064385912,-0.137121251017276,-0.04613521131760536,0.002670059719579675,0.037502198783934994,-0.04745317036458164,-0.055956508962598586,-0.05120809528105726,0.08495297004382725,0.01322623299879301,0.07136502346513666,0.04937463793221336,0.007702834422347224,0.06754617678740607,consultant
134,0.3330181197888053,0.04815332295438627,-0.14409266430423517,0.011674076140618717,0.24804430180450682,-0.12723933154864084,-0.07001045835320205,-0.023159133264882836,-0.07140961227280496,0.07582520821104902,-0.041381705213008,-0.024950877735205376,0.08014711136468634,0.008773920281340511,0.058385343964269094,0.009573140878629517,0.03416902444782408,0.019786007724525333,0.05509261570895511,0.01567169654504281,consultant
135,0.422031522619149,0.0727254767987213,-0.1676707983918967,-0.024982109693563632,0.314579526354384,0.15140449249200486,-0.056834056336877284,-0.12135239441122735,-0.0287043588078116,-0.01933299156719385,0.1167068037424601,-0.08815183887896849,0.08107969125906084,0.031056670934827252,0.0017618153163662855,0.013766360930362454,0.03841322795187189,-0.024828310047688935,0.049622590840984686,-0.0229743830968553,consultant
136,0.2458196361038645,0.04946820979538417,-0.12612051540330396,-0.02703741653041612,0.1664033533948877,0.06853660207037236,-0.05406616864072545,-0.008299231806336944,-0.026426137704075925,0.007945687633343836,0.06466653377696545,0.026569469552332213,-0.041593347574923195,0.033282661818435,-0.026401238949217677,0.007984810381191657,-0.040886522854362915,-0.07735970674180996,-0.034425149002377774,0.10080460815597049,consultant
137,0.32644943938510523,0.04833195900902315,-0.1246901801254505,0.10472628725985351,0.22193224647972967,-0.12639019047909975,0.01038474487878276,0.09222247129311897,-0.06868729595571506,-0.04202279118438103,-0.035505308932138845,0.011853607017047574,0.1674665465092599,-0.0151157100580092,0.026472879343190987,-0.011650009642930408,0.04043126201039594,0.034236054004639305,0.04655573205742457,0.029629627450482476,consultant
138,0.3144896544678289,0.03805720426678549,-0.11309496130176806,0.07997168545014526,0.31411425670033666,-0.15511770722379978,-0.08437444787562945,0.06200325873951837,-0.10752772553778234,-0.08812589483498377,-0.07799802040333959,-0.013781650849044098,0.16004619568519357,0.02238436917535082,0.02589514641510656,-0.055456740726096035,0.08344697742044851,-0.051004749053086273,0.017813684567296664,0.002179490270853655,consultant
139,0.18663681290799614,-0.007288208063949344,-0.03284561405577762,0.041987758253391815,0.10427870440215904,-0.09083829690577623,-0.02518644498599728,0.05021336603205213,-0.13053042853518862,0.09959052298429259,-0.17961971043972016,-0.009494990188236378,-0.02000782847665957,-0.03659652414650165,0.08563285465374296,-0.03272718328296957,0.04026453084861973,0.10264322034273853,0.09296048903530618,-0.07374541290883345,consultant
140,0.3558235018810991,0.066027518965267,-0.11886838114185069,0.04616003526365879,0.29701754501778527,-0.15526650069719194,0.043056532827021335,-0.03700356712253555,-0.09142879440713629,0.04437427535836104,-0.002487631500689735,0.007186609257381849,0.013415674851174057,-0.04615897509763449,0.03657076337122334,-0.005888292658862172,0.026167043003835194,0.022966224414377966,0.028755600293578567,0.030180746469267692,consultant
141,0.32017081429262,0.1070933824968193,-0.1958887692897983,0.01278408240255943,0.21388852493513685,-0.12812414395061753,-0.05884845122567682,-0.018733894472715062,-0.036369433367612204,-0.04240832689852686,0.012260221076038039,0.0182494676261672,0.013803365921125639,-0.004494711835743,-0.11882579809422071,-0.09915286766635809,0.07559631751580806,-0.052818437717682944,-0.09393736518539036,-0.02095917585735665,consultant
142,0.42273914489107683,-0.024253662122770265,-0.13837238319434378,0.09718399206936888,0.4355443272300585,-0.21596360732466313,-0.05148264352190993,0.14343635075155609,-0.18150528195938184,0.035371340115369077,-0.10766509411810296,0.07078964343889264,0.07815669881568217,-0.030717372565079445,-0.015486017607784258,0.012996844089075782,-0.041578003796706876,-0.023823306799175145,-0.05168820931633812,0.009129942063471898,consultant
143,0.3645858163600396,0.05749058906658973,-0.1295973236440822,0.09702455878671304,0.28719761933243526,-0.17622044222480354,0.0028031375208627746,-0.017301227609096016,-0.047078530940564266,-0.004016394628199442,-0.00917768555807655,-0.017663075086760436,-0.009281547627529784,-0.04032876857061873,0.021893016751310702,-0.024026289707873655,-0.0194061614680654,-0.026465889139810374,0.0075127497055986845,0.00026054741183237275,consultant
144,0.396737305141231,0.031846654563630956,-0.08606120468070885,-0.030493721380783354,0.09205192567654137,0.18574891318089448,-0.01382178899130044,-0.08490150807984721,-0.02908691693438613,0.015209682054796758,-0.06001038401307487,-0.0008438475396692015,0.017370762146981005,-0.03985588928723643,0.04802351264504885,0.03435921346092874,0.09110001505327706,0.004354819035740254,-0.0690876182436825,-0.015696203118800524,consultant
145,0.40795191044537604,-0.01695081555381511,-0.15330074947555222,0.217322168845309,0.3975181110857237,-0.21614721277053006,-0.025357174421574924,0.07854961202425997,-0.08995284302706048,0.041238566049839956,-0.008579090386858456,0.049187675564169926,0.009375514425630185,0.0027947985107288475,-0.07472763271947568,-0.03582905113870824,-0.05845572904735223,-0.013341206313346577,0.04989903475297509,0.047685626515675573,consultant
146,0.29230620994360473,0.019748650897244154,-0.019894040285791444,-0.14026514971403004,0.13145485145221342,-0.05482637562948086,0.13726466611371377,0.06399964389783117,0.003349007472577431,-0.019168915527574937,0.051104777226941185,-0.015364647507530643,0.018891659975278124,-0.03293068922279682,0.0042855141739823,0.0646220276104535,-0.02181942483518231,0.03388138181126649,0.05815958808965822,-0.028645846493949568,consultant
147,0.3877776945425651,0.18090302672095196,-0.3205059645872652,-0.13241071892248238,-0.038504861842565456,0.235276120279985,-0.08863583506932901,0.08614540323393251,-0.045645591034079884,-0.13201109957007393,0.05094720022194942,-0.052671950064194374,-0.038298487332225344,0.02266707933860037,-0.017683769344882902,-0.020147927119387742,-0.011443276380981863,0.017022183650025453,-0.08561753964365955,0.04972949786273403,consultant
148,0.28881331162990753,0.01914304593355676,-0.07709738644329037,0.08978182256986086,0.17494694499782099,-0.14694548396912938,-0.02617881211916235,0.013468837134230712,0.0919000632063309,-0.05505956402349504,0.007192750968683496,0.009187653539139723,-0.1132561786828142,0.020674572336064692,0.08798922170525413,0.005154651586574962,-0.018175771829965236,0.038060524866066536,-0.10191851008076412,-0.015575838271032838,consultant
149,0.4298496465564339,0.1645608203187525,-0.03688471118945469,0.06205280566197447,0.17115833869867958,-0.15910560298050522,0.03881079171291161,-0.00957998030811882,0.03825392453565758,0.04731392769535622,0.020433148413118163,0.10022806035901148,-0.17755598821725466,0.035700417040197524,0.19700053647408175,-0.05128077222474347,0.006867862931941374,0.20342837894942772,0.008880735982230914,0.14988067778944245,consultant
150,0.3277950185465617,0.10201214424015408,-0.09673359459835836,0.00025037374992623723,0.20099662388950285,-0.14482367084313674,0.04632548415992908,-0.04960078245340808,0.029841224005756714,0.08906974281795187,-0.0069549935250583835,0.15791694781994486,-0.19734967484497817,0.044240344913309616,0.19215146083246143,-0.0013963924096533468,0.06283343491752355,0.23034112674657967,0.0006655713456470755,0.15302050718806098,consultant
151,0.34245430202813604,0.05234324849771019,-0.17084521779510312,-0.0703748188051482,0.058045116562463944,0.4658407143526898,-0.1389315898624148,0.05609868045839347,-0.034367414351001636,-0.07728982705131436,0.030076228547366978,-0.011287090155815669,-0.020982013451972228,0.0624411550049765,0.03180149178269527,-0.034089431924372936,-0.013921785688519768,0.0028382214156841847,-0.03269778647800234,0.03329695761034685,marketing
152,0.35378277551908555,0.13371915670985762,-0.22075531422703443,-0.07354454280818515,-0.06934286054984869,0.02115904582392338,0.0010948782838592038,-0.10344429559816844,-0.0724910528758617,0.012240717138241482,-0.020401878662477776,-0.05150893295037069,-0.008252234013307228,-0.0703823412656491,0.01075757629705642,0.02046540947198243,0.045605549705879225,-0.030495240814140553,-0.0677121327651914,0.0225686088819794,marketing
153,0.3689893947881673,-0.06357794654912037,-0.06890819609619021,-0.04144077541413899,0.09011194363252176,0.40753219079794534,-0.22764253521888358,0.016326703723026866,-0.03254430525483757,0.0021589223159847433,0.04089862217991678,-0.002507018157026797,-0.001993864949048013,0.010983490060514368,0.09404430155656456,-0.04744506241036166,-0.03531635500516885,-0.008650966828209075,0.06311984503892891,-0.020462639528626935,marketing
154,0.3730192941802486,-0.015184501628900116,-0.07229612151612015,0.03686016033039033,0.03387220891710967,0.3722216518474693,-0.1886143197050481,0.05452388890311475,0.051933020343788466,-0.022106888797784982,0.007726791909644969,0.04299719667563228,-0.0468660605704634,0.016622490499937765,0.044258927270782296,-0.060543311116629674,-0.07347670660389884,-0.005948644955284958,0.058040186149562994,0.009157516457840558,marketing
155,0.25806972899078484,-0.024016645785046836,0.019480100856066433,0.0032108560798857592,-0.04165246298031441,0.029869461742024865,-0.09009454058314187,-0.16645992845260407,-0.19935185027198896,0.040578552325390926,0.0005104594558517914,0.00783299015633687,-0.15175931926071942,0.058150804300887725,0.14236251230395794,0.0900030080639302,0.02523580929579672,-0.10046712417979085,-0.10123802677904314,0.09637302282820494,marketing
156,0.5140819726301162,-0.03862666010841465,0.0021628807699901726,-0.04062226851976842,0.07806841824351414,0.283843523250223,-0.10638101723913493,-0.003910051801669778,0.05346699812233566,0.042392772245805344,0.0435773281307399,-0.04423813798690118,-0.009209699562453905,-0.010214860028345863,-0.046225798998408035,-0.040091689861981944,-0.03469610958073312,-0.0019157414479183477,0.009831746478031598,-0.0019406282681217234,marketing
157,0.4241732163894313,-0.008831825725585144,-0.04116034330327721,-0.09813516406561326,0.09116398487173251,0.4373931307513406,-0.1270081949284938,-0.060500836434698606,0.03717993973455722,0.036182279892794315,0.005464906332756817,-0.03437005043477326,0.03043995042791353,0.06615665696407315,-0.018504705220984498,-0.04257235995072556,-0.06682371875638002,-0.009866256415679798,0.0559372376241688,0.03384371816124852,marketing
158,0.3493004230131447,-0.03266735911743427,-0.042423850373566566,-0.022569032220306578,-0.009681792609606735,0.22390763341365116,-0.11529006286514115,-0.1720835996036001,-0.023302104592982355,0.04425453176616312,0.03543058891459165,-0.019528559312639297,-0.11003892431168708,0.08059760399944026,-0.003952081973247031,0.05272536470420092,-0.015343471454869488,0.024438221100275034,0.02185791499890785,0.007511670009625894,marketing
159,0.35012871261166467,0.06333815135610157,-0.16384441871015895,-0.07328775718816694,0.08226728678850821,0.36467180943752603,-0.06116743305589967,-0.009860498819090742,0.0026837556997909625,-0.025119217488416386,0.03197533667160985,-0.03022738595538235,0.01181114983898264,-0.0011525870079853013,0.02849207214937934,0.0035509409482673087,-0.05514030180881052,0.0093149572526847,-0.0025047784685121284,0.055746810515326414,marketing
160,0.4204002577546773,0.048029363764354044,-0.11010040903349898,-0.1700850072414399,0.14778491229430957,0.2850788457668628,0.11109898086164728,-0.05490666089491732,0.08772244273448054,0.0751764448237681,0.11482629056307517,0.0100444993129711,-0.039026569887098204,0.048961434199973536,-0.03400593160268552,0.003441972324757833,0.004613332161524003,-0.03376690660549361,0.057054695223495655,0.021574421099049793,marketing
161,0.4167893377424325,-0.018012527929879216,-0.1268910837623935,-0.0025236324028284044,0.09963195082896179,0.43748163847895394,-0.0531512755693889,0.07328256615610057,-0.009564272641552038,-0.059118185323603245,-0.010585211584431837,-0.024437383768104715,-0.0373716609283341,0.01935172523020268,-0.021948616468061437,-0.05668180979712221,-0.030030412564955037,-0.009753202038555068,0.04949511661715966,-0.02588444431779813,marketing
162,0.33780906299830554,0.09814745774776078,-0.06880099642015569,-0.09099339719760734,0.14888193694983942,0.20043988852568198,0.09250058446493933,-0.08698273767809153,0.06664403852614555,0.07653690246086452,0.05357468639721138,-0.01412341271593521,-0.030266442828788882,-0.03460678658225952,0.07380253104156181,-0.0009650106013575076,0.028420511096815093,0.017434255433886783,0.0403027257172873,-0.01001445680970508,marketing
163,0.44636192022715604,0.12414810557889784,-0.16494320747108823,-0.16243060458981187,0.13251472989410798,0.3344327361125453,0.07436303497987272,-0.14621171843971112,0.043773548155101885,0.07137914380676284,0.14013353951518157,-0.06718110041978784,0.019436281344698905,0.03525229432330865,0.02908224413509834,-0.014304561576319397,0.08200149127149567,-0.006881419181133363,0.03133286304625901,-0.005201464067433714,marketing
164,0.2975706633087769,0.096125283042367,-0.18121189086801737,-0.03454809851001612,-0.08631476148164198,0.12344625615742169,0.02727975803855113,-0.012506488870357518,-0.02449028396065519,-0.09060618156702918,0.01563525165925817,-0.07566349217924076,0.06874588772883751,0.006419574433532045,0.03129115947394933,0.0016584921530128278,0.013262856545248697,0.05531718510995396,0.028536480213482707,-0.02868752547238149,marketing
165,0.30132299542194324,-0.08634623594482062,0.022209274316532236,-0.1729149706174273,0.07026808342446342,0.008267047734607368,0.20107231099107012,0.04379507073734408,-0.07849115799775189,0.04185486743056661,0.07553566623258054,-0.03580937585449204,-0.023281786224869417,-0.09472209598324224,0.04423056782568365,-0.03269109089731931,0.07013882452320032,0.00044432666315623206,0.08419770423641584,-0.022060070180714406,sales
166,0.4007149583545971,-0.018517384878702175,-0.0134491506760168,-0.19628085633743272,-0.014900520982023841,-0.06064836727517462,0.23890948213936133,0.10760429331495935,-0.008676680988946759,-0.1664837685515434,0.08048599755029286,-0.04076007789626893,0.0382855724716803,-0.1025377408540641,0.025700558476748472,0.00914783579180126,-0.02905153823502903,0.043624578671776985,0.028235341118741684,-0.01701955344116883,sales
167,0.3309856658383587,-0.15281830928138843,0.11591733027992039,-0.10203250263672732,-0.08687353606320782,-0.02048471066442618,0.0022637280125514412,-0.0025757257739443917,0.03547058352635649,-0.014857093091569483,-0.12316253682766022,-0.009155227812633226,-0.024203741165836665,0.0982609690902298,0.0004215723536665062,-0.0043901963696829326,0.03342591628617076,0.011818892967336648,-0.03056043566871582,-0.03974354047501312,sales
168,0.37758267008765173,-0.0654013592330961,0.14962806289521052,-0.16108911932914904,0.0782607233586504,-0.06186765554905605,0.10023503418276983,-0.04615122398356974,-0.02610337768240609,-0.009002206186876733,0.0594266980051004,-0.004709140424498935,-0.017061334559560187,0.0024902247542632687,-0.05769547604580696,0.007633410209533962,0.056963144148102045,-0.03155859865244849,-0.09062112696058874,-0.10874577664913668,sales
169,0.28270620638086574,-0.06107394028924052,0.06948047640311181,-0.0432783600482366,0.03502734159336077,-0.044708181493901294,0.0849812023893538,0.030387765730206885,-0.17212651280371025,0.03776312214330068,0.11487980200428244,-0.013785790211491244,-0.09978048578169038,0.04805565499523069,0.1529374924483623,0.03350336763767908,-0.12218576197026511,-0.049683974847703545,0.06039916291496092,0.11333956304941627,sales
170,0.30309287427327186,-0.2128974720765828,0.07307255975657535,-0.17422301848268945,-0.05057923975130157,-0.04737000446373755,0.01738041449147893,0.026741782744368343,-0.10788486995448712,0.0443900332517378,0.004542384598132093,0.012030700614518474,0.07948165896710374,-0.0661324232938865,0.017187782905457888,0.035861146915682256,-0.0017312665810114015,-0.03439155777027985,0.06277464220358944,-0.0269426969144815,sales
171,0.3431567992642324,-0.28869496805990197,0.10623024053053802,-0.21709485324129418,-0.03609305861718601,-0.016028089039445033,0.12591332387360807,0.09506789093478456,-0.2171682264496373,0.019961136248972375,-0.0010607829950164678,-0.052752052756147354,0.00695929223665577,-0.03068430519464764,0.13608572176629016,0.031229270958480777,-0.029322000127027906,0.009307086791786618,0.02767463051502732,-0.021735172699767377,sales
172,0.32750190665044787,-0.22083463641788975,0.07771666559274422,-0.16502751172762323,-0.04467514448377541,-0.0032242741389971576,-0.11647743846914277,0.014904789539664771,-0.013234579073952535,0.09244803587302133,-0.20359018737663043,-0.023862501849954067,0.006594407918629804,0.16176340802276848,-0.018615475795729093,-0.06875760243902826,-0.1842061583153584,0.10288650937311264,-0.016473594672867603,-0.0021714449847847622,sales
173,0.415838386004353,-0.19038766199791757,0.08175236706246808,-0.10777984604464176,-0.037818562654152524,-0.010438838955895785,0.0011377591648848854,-0.05520052815945242,-0.02682049584035945,0.10407493838515591,-0.027470222535919783,-0.011779006776583176,-0.03972839585262225,-0.04107494074670191,0.06068642536436594,-0.009141941410440517,0.013973611585277027,0.00634940244177052,-0.025129458089236577,-0.011148213787040596,sales
174,0.4767932389584386,-0.26264347601516425,0.09704680314458175,-0.24742606671119116,0.04585457946172287,0.030590157560300233,0.16462922796451743,0.14855474710527916,-0.1630521039184851,-0.015223464164205966,0.05175256749123102,0.02478322445475788,-0.0525734147578064,-0.018785818712314915,0.07328124866804632,-0.012219661630162361,-0.06497459979564675,-0.03940187823401609,-0.008577657641650702,0.0030946976777462285,sales
175,0.4037032600245224,-0.24877140974288967,0.14330197891855578,-0.2846884444031962,-0.018255759685000313,0.037154487270710135,0.11366576575776091,0.1560475912108037,0.012928832491948348,-0.05890913378813105,-0.058087637005066056,0.09946710414624191,-0.007228573090238784,0.01867699385860661,-0.12336577846244345,-0.029487712799298526,-0.013946290040407894,-0.035443829992059736,-0.1164266590477696,-0.13792070216574287,sales
176,0.23536750048250454,-0.05252670091802222,0.029612553342551848,-0.010739122722529668,-0.013898809821112516,-0.06121464899999984,0.024489443604201782,-0.03544621564123143,-0.12129973137972051,0.04652522532620403,-0.027614668331978773,-0.017482411041600553,-0.04077586258145684,0.016818838401355875,0.08511842508080045,0.04840262322381326,-0.0015989614225206763,0.09765027817598582,0.06596056587868052,0.03887413053557725,sales
177,0.3645330434213825,-0.23366884130385457,0.0774343688798377,-0.07879978268372251,-0.08046534806011472,-0.11734940120155138,-0.1499888579211918,-0.1898527707127468,-0.09088112333224162,0.09884104029638169,-0.04279898723504461,0.02224490142095717,0.011583427761267265,-0.07091201315311901,0.11464246821502064,0.003909565625541521,0.044510498528178656,-0.05767854210744611,0.017162490119056052,-0.07781502942584632,sales
178,0.3618119350300973,-0.37097769832258853,0.1867459418312806,-0.2086357594943269,-0.14954082146336078,-0.0629931376387902,-0.12067021732274202,-0.09053225737011905,0.08902686134742048,0.012177360735430924,0.0358871675368319,0.042559356312356016,0.16972771480886348,-0.09420187207843451,-0.22811315401266635,-0.19748174902802437,0.014812922706927837,-0.010576808719152066,0.16892346939498407,0.4718179597859479,sales
179,0.31075845185101447,-0.2568669679248899,0.11697377866730346,-0.15685375952924743,-0.07313976448322382,-0.0311554714947199,-0.08161374116953782,-0.027432055843951496,-0.07499817569834463,0.09232476005903102,-0.16372172332773413,-0.03634994073628604,0.021625536762779153,0.13916724704631833,-0.025221553729322423,-0.07175855450040244,-0.18268178443283908,0.08649956230185567,0.02222329419185085,-0.031153762127054656,sales
180,0.3981555034082668,-0.25424739112743633,0.09065597282956056,-0.1517076471811446,-0.07549476007059755,0.03677653394914993,0.014983202008938526,0.030252061285870657,0.009406591192403703,-0.0009953740535365704,-0.03915968677906524,-0.0016715215880842359,0.041586605475338455,-0.03235894359018858,0.01468572546702091,0.05989152271612267,-0.01605094901416953,0.0945939132814951,0.07208276501791402,-0.018321114767933355,sales
181,0.18711303262790496,-0.13669081260812296,0.06710925749871598,-0.15243046957844655,-0.004480680388273433,-0.0501433164204193,0.17080213320865423,0.07606421410431777,-0.19714646720893234,0.03400702589286681,0.08182472445000412,-0.05304423846625155,-0.05599647163515368,-0.09389173355087502,0.1761104778050453,0.07720488902175561,-0.13321855019100362,-0.03839131446385761,0.026191518299117294,-0.0162246767179623,sales
182,0.2556598647511108,-0.18169211661348203,0.0572332364508641,-0.03505637689415618,-0.1273277162106261,-0.057267189559706805,-0.0728047861309794,-0.12952869756021895,-0.06913119884867715,0.0389237540334433,-0.0687075902236547,-0.09758525659423137,0.128031379462018,0.025220373416878113,0.07876190836721934,0.04672977987862054,-0.03705074580754221,-0.014102117882678076,0.08367653322789603,0.09603571971879937,sales
183,0.30279216438979123,-0.1889630489138271,0.045920119696825225,-0.028342187659693707,-0.11540845281027563,0.04672927059499967,-0.10071043313633192,-0.0916278824061817,-0.057965974036610496,0.09188831560143645,0.0503225183846676,0.02055220893539486,0.033662308661239815,-0.08260015579204827,0.0846017754802911,-0.025143803657817616,0.019177157413365543,-0.01732013781241978,0.06825174364620408,0.05214540520226518,sales
184,0.2604839643189017,-0.21100801136355857,0.07717542316920463,-0.12502870799145707,-0.04960673526164043,-0.012009988022943348,0.09702828545855448,0.1303684486832769,-0.12825488236613583,-0.01858762954878731,0.026087555107441467,0.045611089541451356,0.0393019661581643,-0.16081777944977751,0.016547089446082467,0.011894023376873657,0.0007678944941968834,-0.06233954654777803,0.024824322182038946,-0.04044151187899954,sales
185,0.4231704433862017,-0.24665090887731522,0.08650161335680183,-0.23436969534287283,0.033196762670623374,0.08807486434814088,0.13084702615938273,0.14161376652606988,-0.07732772765985003,-0.038395681705185494,0.0946325341387625,0.007512063690240611,0.005211322556199969,-0.07129034848696207,-0.012169919544749028,0.013770154295358251,-0.02495417231453161,-0.0448555268183195,0.020102350390400522,0.02960216676280021,sales
186,0.3164674916191927,-0.20152921834378132,0.07767818706840394,-0.10108263066574184,-0.0912113608561824,-0.009350501424083025,-0.0623909744074117,0.05084421671231883,0.0112163741513742,0.01537816147060967,-0.08012334748144305,0.020622075531487642,0.033370870200170544,-0.11466072612152595,0.05232396199040006,-0.01745133034015813,0.0549621058415365,0.004723255388657982,0.052129728744608125,-0.04164687536140069,sales
187,0.30420319397603934,-0.143920229023349,0.030868166007526933,-0.08675987263560937,-0.09486159695154668,-0.0010608805548325893,-0.032023509782752195,-0.08176672613451384,-0.07555630560002406,-0.00740381649719862,-0.07323408775047788,-0.007261531333063501,0.1336491343642548,-0.034470361405923196,0.044955054370720574,0.10084439354902391,-0.034298010615738,0.07152697758049724,-0.001226013620505982,-0.0374733183830464,sales
188,0.2842496765686603,-0.17981130208731289,0.05904642451704864,0.08271855091911649,-0.018487158249818635,-0.01131754767121515,0.03251891697110999,0.013652325499847715,-0.011445527779417257,0.017240273419289215,0.005611604212135807,0.04988089143766945,0.018662594217497143,0.013960761138079359,0.06279086473324999,0.09882073063967649,-0.09313242674245328,0.05427910444435994,-0.0046983422709769365,0.12825024288176232,sales
189,0.36368210249605054,-0.17703291156177453,0.029336162663441644,-0.0843193863160946,-0.00684198507364243,0.008081481793143474,0.08100196849558076,0.1278373252653944,0.03703991085431736,-0.10726402381544448,0.005302446197391062,-0.028399895231754076,-0.07552673157882084,-0.03807178447654474,-0.04668837517137849,-0.009027903013797245,-0.07773739139546207,0.007414576855552272,0.0018305981165966073,-0.04904701881902333,sales
190,0.28500830033249985,-0.19753822237885763,0.07646600686556106,-0.041035924157808205,-0.005615248313967821,-0.07024423844611456,-0.05034477739930633,-0.028682969826996273,-0.002984848864013579,-0.008467028935709626,-0.012511266473443014,-0.050778968678853426,-0.005653630052292439,0.042464499569272084,0.053570957746795995,0.016008118989230533,0.004403276697311085,-0.005471937491713692,-0.04562633166195231,-0.05230621397431802,sales
191,0.27090652160477346,-0.05522744788441865,-0.019403277198818857,-0.1356469726759908,0.08118503318373448,0.11631826289667396,0.051027728860071946,-0.015877888214701152,-0.02950916435607643,0.023877204224294398,0.11144394135079111,-0.035855793737742905,-0.011987098736449852,0.002102550057550139,0.06625575399355388,0.005844718293661528,0.028082023952020047,0.08746946396267322,0.056823927408186654,-0.007032867118757105,sales
192,0.2787845208992744,-0.16388739962648685,0.06740661374823437,-0.12210114015666143,-0.061822193218518784,0.02632993891719838,0.09422007665622437,0.17682374055489972,0.07502425800392612,-0.16429778983327487,-0.12974895416510743,0.03531154658724855,-0.10290533218792364,0.04396271541190421,-0.07092266106127529,-0.09797883984051596,0.03385314614732119,0.006136841495855432,-0.029985927873405448,-0.13227047729621566,sales
193,0.33845816307472704,-0.16098976928932435,0.03517575053231019,-0.17551869853044744,-0.05105444158637212,0.007936340993729389,0.11214898931423656,0.13327212080858625,-0.08774672762051366,-0.01628987265261106,0.03748341614265269,0.043150730395496516,-0.10010373919817558,-0.07116825192177215,-0.007524118336027216,0.002305740991640025,0.05539937023883164,0.05705566914137651,-0.038686335540590505,-0.00999416242373258,sales
194,0.18743302939134263,-0.01728823081303347,0.0009884381001260653,-0.05609789466681403,0.04655439841698133,-0.0648172267213258,0.0766754022015357,-0.07878248471858255,-0.021215357684702264,0.08031969789535875,-0.003432407943618181,-0.04839278349027765,-0.054367478136486534,-0.07641281000952331,0.05624152431549699,-0.0910403335478062,0.00031741725813345554,0.10356114904591117,-0.023067133545551184,-0.123845961063792,sales
195,0.258065890712872,-0.2057090492342336,0.07586307222467435,-0.11389890706746307,0.01383014424528829,-0.07954769718539859,-0.004777940799013565,-0.037673421828845345,-0.02930016274475248,-0.04686835775625679,0.09030488959705708,-0.04682704809285677,0.0207693620628398,-0.02550363987635572,0.03309063720537029,0.052580853363457934,0.016044628908092787,-0.04462026634965606,-0.01917332645395874,0.07245833206486202,sales
196,0.30688614522030233,-0.21304288883091554,0.0963881294766084,-0.11147614558381168,-0.012394287674535844,-0.0755525177052803,0.004988772794482304,0.020888373457111573,-0.06497037669530888,-0.008056714803348125,-0.005063313146684816,0.06805001409214574,-0.048555208648808516,-0.06440066122502086,0.004307278468184433,-0.006123235616730801,0.06364018582542001,-0.05552697014562487,-0.09791793042588624,-0.08515171341571598,sales
197,0.3772405027240137,-0.17353027546500385,0.08959630085581545,-0.16354321978516825,-0.024266676777026056,-0.028606962165302834,0.12201593287129522,0.14835094061332346,0.10621015647363075,-0.05327568644700872,-0.10361750272915654,0.1186645377255318,-0.06390343835697063,0.0378342911459036,-0.05203219946923541,-0.07592079098642204,0.029109915087335392,0.04225193660953722,-0.07939551399755848,-0.0049983955220201486,sales
198,0.4402306752741148,-0.1945486399389031,0.02394664984867461,-0.18103098449237007,-0.0053705357436798105,0.08210522306098533,0.06430344947568306,0.01910446143645849,-0.08497389951251631,-0.013151869344028878,0.07024586549253142,0.05812075568884532,-0.0029351685315338826,-0.08706433977555723,0.11356716614572715,0.031058060073387395,0.013515244946839094,0.04382115432906071,0.0164465073606733,0.09780167755868217,sales
199,0.3003391842287464,-0.1612504870661429,0.09322501583675348,-0.046665317687465936,-0.10816789728131136,-0.05338462587993309,-0.1079602584763598,-0.13044972900654644,-0.0556374423981473,0.13293634070623692,-0.1545560846716405,-0.06662565637681325,-0.0020561898954766216,0.10054137701821157,0.06557462737690281,0.0009965692778055174,-0.05485375154423284,0.010702457427796425,0.02032238948847167,-0.11915871058240768,sales
200,0.2412434384473637,-0.17011680469413526,0.06883082167691564,-0.13109810245423115,-0.026135779647056583,-0.015663721962728267,0.09783817578727005,0.0541239884426918,-0.0821302552618363,-0.016849865723307395,0.04612152334303723,0.02256834419177818,-0.03796134612577895,-0.06627521511513014,0.016972789593173315,-0.011792049539482881,0.037752633339339266,-0.0810488513504549,-0.0700205999965992,-0.08291071889128916,sales
201,0.3404767485375265,-0.2284224930669692,0.08432171734987864,-0.070763032846081,-0.10041372948558416,-0.06832056154232583,-0.06738521335524206,-0.03015230888170592,-0.052829868755227355,0.06892404886896461,-0.059519672714334636,0.03206809400249748,-0.012249542453397938,-0.1269612766829285,0.046758307564375025,-0.011091176490697584,0.02727115348679958,-0.10137693811065909,0.020968495314534076,-0.03705663069191499,sales
202,0.4037648769099313,-0.27545037004639594,0.10113376457094285,-0.22252121932839325,-0.07329365352233345,-0.011785899324779843,0.13551598990419347,0.16940206052948853,-0.08904867263260871,-0.08254311506557126,-0.02970260902370663,0.07507117471348064,-0.018334012525609702,-0.06796396784659436,-0.002877736484449152,-0.004041305816457325,0.05794865246503014,-0.02647551380171152,-0.0667783297466856,-0.061457635293451766,sales
203,0.3238353036824932,-0.2546003857124095,0.10003869799413885,-0.0689904738668102,-0.09748970353896623,0.037150394068768175,-0.011045313573597533,0.023601374472686218,-0.09299677946581872,0.03603030427696986,-0.021043916973889378,0.047881405304899524,0.009518681737127615,0.021457556590292675,0.09674779431877233,0.011571868751280669,-0.051766592509942144,0.02853802980790178,-0.046430807428497485,0.10728875200514318,sales
204,0.4375669660839484,-0.27960048228926915,0.10722501458834216,-0.284657456881289,0.06146829717092517,-0.023896129062906748,0.16298212314781724,0.2246535718522017,-0.1009413747048945,-0.08497732026424629,0.0890461127505956,0.09633279651678583,0.003901598950271509,-0.0026490984352434918,-0.00435624621713968,0.021626329974269668,0.003640892889384805,-0.08657288300535579,-0.0937607713429563,0.03358494045161561,sales
205,0.3396928964660307,-0.15007329033754307,0.04267540118997357,-0.0074483877255245206,-0.07166399292612909,0.015670982197839557,0.014816319921750398,0.0569130940057827,0.030489411564258592,-0.06451799490436266,-0.1425774426048677,-0.009283725799140864,-0.13866354480044488,0.047712391696427284,-0.02546361261046626,-0.05519826993567534,0.05114244926037421,0.040054584524477674,-0.01520044087001741,-0.11874733472317475,sales
206,0.24038164791557656,-0.19467365495284863,0.08309022397999752,-0.16296682201999801,-0.023796148719651883,-0.036870941617282986,0.011198248823489663,0.0326125187055337,-0.06488988709546803,0.012027049374850579,0.0022936000459776746,0.02406212398191175,-0.024871230157568456,-0.08055135506639043,0.0045133145461311594,-0.01728335831163086,-0.023189234519275317,-0.0998886193600025,0.0035295526230539973,-0.014246813593248428,sales
207,0.21665740458418484,-0.05090855988007357,-0.005537519942313016,-0.0859613669472304,0.0185399151829959,-0.03143659906840061,0.07828388565835234,0.08047778036307432,-0.0041471121502486335,0.007749900562082079,0.057301279367572434,0.05006155115940267,-0.05567161741701104,-0.0031215870084316485,0.13517009847837613,-0.059315060173738686,-0.013474507338029735,0.07330535960629087,0.06670598840507887,0.015946208412002408,sales
